DATE,MONTH,YEAR,MNTHYR,ADDRESS,CITYCTY,STATE,LAT,LNG,KILLED,INJURED
2/14/18,2,2018,22018,5901 Pine Island Rd,Pompano Beach (Parkland),Florida,26.304503,-80.269457,17,15
2/13/18,2,2018,22018,5400 block of Andry Street,New Orleans,Louisiana,29.966522,-90.016939,2,3
2/11/18,2,2018,22018,19432 Lamont Street,Detroit,Michigan,42.437777,-83.054826,4,3
2/10/18,2,2018,22018,413 Mill Street,Paintsville,Kentucky,37.816211,-82.81064,5,0
2/7/18,2,2018,22018,I-95 and Lantana Ave,Lake Worth (Lantana),Florida,26.586736,-80.052203,3,3
2/5/18,2,2018,22018,4225 Galley Rd,Colorado Springs,Colorado,38.846947,-104.750064,2,4
2/3/18,2,2018,22018,11321 Broadway Ave,Cleveland (Garfield Heights),Ohio,41.433603,-81.605021,1,5
1/31/18,1,2018,12018,Goodfellow Blvd and Dr Martin Luther King Dr,Saint Louis,Missouri,38.672076,-90.279378,0,4
1/28/18,1,2018,12018,1301 Indian Creek Valley Rd,Melcroft,Pennsylvania,40.052085,-79.3889,5,0
1/28/18,1,2018,12018,123 S 3rd St,Reading,Pennsylvania,40.333062,-75.931649,4,0
1/28/18,1,2018,12018,1313 N Sherman Dr,Indianapolis,Indiana,39.785144,-86.10183,2,3
1/27/18,1,2018,12018,243 East 119th St,Los Angeles,California,33.924875,-118.270226,0,5
1/27/18,1,2018,12018,645 Pearl Street,Bowling Green,Kentucky,37.010503,-86.45095,0,4
1/25/18,1,2018,12018,1600 block of Kenilworth Ave NE,Washington,District of Columbia,38.911252,-76.935294,0,4
1/23/18,1,2018,12018,N 24th St and Ridge Ave,Philadelphia,Pennsylvania,39.981663,-75.1739,0,4
1/23/18,1,2018,12018,416 High School Road,Benton,Kentucky,36.912803,-88.332763,2,14
1/21/18,1,2018,12018,3101 Willow Bend Blvd,Orlando,Florida,28.582257,-81.444161,0,4
1/21/18,1,2018,12018,3200 W Division St,Chicago,Illinois,41.902834,-87.706924,0,4
1/17/18,1,2018,12018,2000 block of 16th St SE,Washington,District of Columbia,38.865328,-76.982177,1,3
1/16/18,1,2018,12018,3042 Farrier Lane,York,South Carolina,35.033686,-81.14493,1,4
1/15/18,1,2018,12018,14223 NW 156th Pl,Alachua,Florida,29.798494,-82.49713,0,5
1/14/18,1,2018,12018,809 Mesopotamia St,Eutaw,Alabama,32.850841,-87.902266,1,4
1/14/18,1,2018,12018,101 Westchester Dr,Madison,Alabama,34.674132,-86.759736,0,4
1/12/18,1,2018,12018,2614 Jenkins Ct,Nashville,Tennessee,36.182004,-86.820445,3,2
1/11/18,1,2018,12018,St Robert Outer Road and Houston Road,Saint Robert (St Robert),Missouri,37.824968,-92.137833,2,2
1/7/18,1,2018,12018,U.S. Highway 29,Union Springs,Alabama,32.144313,-85.713448,1,5
1/7/18,1,2018,12018,5225 W Broward Blvd,Plantation,Florida,26.121905,-80.218838,0,4
1/5/18,1,2018,12018,6168 US 49,Hattiesburg,Mississippi,31.326894,-89.328508,0,6
1/4/18,1,2018,12018,615 W 6th St,Brinkley,Arkansas,34.903732,-91.198862,1,3
1/1/18,1,2018,12018,2025 Sparkman Dr NW,Huntsville,Alabama,34.762808,-86.594557,1,3
12/31/17,12,2017,122017,3404 E County Line Rd,Littleton (Highlands Ranch),Colorado,39.565952,-104.949177,2,6
12/31/17,12,2017,122017,2335 Howard St,Chicago,Illinois,42.01917,-87.707149,0,4
12/31/17,12,2017,122017,635 Wall St,Long Branch,New Jersey,40.292538,-74.002995,4,0
12/27/17,12,2017,122017,3750 E Bonanza Rd,Las Vegas,Nevada,36.175356,-115.094234,2,2
12/26/17,12,2017,122017,NW 18th Ave and 86th Ter,Miami,Florida,25.853254,-80.227666,0,5
12/24/17,12,2017,122017,1111 Mulberry Street,Vicksburg,Mississippi,32.351466,-90.882664,0,5
12/24/17,12,2017,122017,100 block of Chapman St,Troy,Alabama,31.809006,-85.960044,1,4
12/23/17,12,2017,122017,100 block of City Avenue,Eunice,Louisiana,30.484408,-92.404166,1,3
12/23/17,12,2017,122017,3rd Ave N and 9th St N,Birmingham,Alabama,33.509112,-86.822006,0,4
12/21/17,12,2017,122017,1500 block of N University Avenue,Lafayette,Louisiana,30.249328,-92.034816,0,4
12/21/17,12,2017,122017,6600 block of Dorel St,Philadelphia,Pennsylvania,39.918133,-75.228007,1,3
12/16/17,12,2017,122017,Ferguson Rd,Mc Cool (Mccool),Mississippi,0,0,0,4
12/15/17,12,2017,122017,13041 Jouett Street,Pacoima,California,34.265919,-118.4172,0,5
12/13/17,12,2017,122017,200 block of E Barthman Ave,Columbus,Ohio,39.924093,-82.989998,1,3
12/12/17,12,2017,122017,17th and Gallagher Streets,Louisville,Kentucky,38.238934,-85.783612,0,4
12/12/17,12,2017,122017,1301 Rivercrest Ln,Garland,Texas,32.924382,-96.605978,0,4
12/9/17,12,2017,122017,Proctor St,Boston,Massachusetts,42.326951,-71.069132,0,4
12/6/17,12,2017,122017,4620 N Broadway,Chicago,Illinois,41.965597,-87.657712,0,4
12/4/17,12,2017,122017,7200 block of Everton St,Pittsburgh,Pennsylvania,40.463235,-79.893468,2,2
12/3/17,12,2017,122017,656 Marshall Ave,Memphis,Tennessee,35.140236,-90.038888,1,3
12/2/17,12,2017,122017,5200 Woodward Avenue,Detroit,Michigan,42.359442,-83.064366,0,4
11/30/17,11,2017,112017,11000 block of Gunston,Detroit,Michigan,42.4081,-82.993599,1,4
11/24/17,11,2017,112017,11618 Buckeye Rd,Cleveland,Ohio,41.480715,-81.602178,1,5
11/24/17,11,2017,112017,119 Martin Street,Brookhaven,Mississippi,31.573887,-90.444191,1,6
11/18/17,11,2017,112017,3600 block of Emerson Avenue North,Minneapolis,Minnesota,45.020489,-93.293968,0,4
11/17/17,11,2017,112017,900 Block of Mississippi St,New Iberia,Louisiana,30.011329,-91.841252,0,4
11/16/17,11,2017,112017,1400 block of 15th Street,Columbus,Georgia,32.474403,-84.971392,0,7
11/14/17,11,2017,112017,17357 Stagecoach Rd,Corning,California,40.018748,-122.39309,6,12
11/14/17,11,2017,112017,900 Block of View Dr,Richmond,California,37.977882,-122.313528,2,2
11/12/17,11,2017,112017,4601 Melton Rd,Gary,Indiana,41.594986,-87.281284,0,7
11/12/17,11,2017,112017,S Calvin Ave,Fresno,California,36.682291,-119.734809,0,5
11/12/17,11,2017,112017,50 Lower Alabama St,Atlanta,Georgia,33.751821,-84.389679,2,2
11/11/17,11,2017,112017,2532 Martin Luther King Jr Blvd,Dallas,Texas,32.766693,-96.770688,1,3
11/11/17,11,2017,112017,Forstall Street and Burgundy Street,New Orleans,Louisiana,29.960262,-90.022121,1,5
11/11/17,11,2017,112017,2835 Bragg Blvd,Fayetteville,North Carolina,35.073679,-78.927808,1,5
11/10/17,11,2017,112017,193 Olive Rd,Dayton (Trotwood),Ohio,39.749216,-84.292874,0,4
11/9/17,11,2017,112017,1800 block of Ringgold,Philadelphia,Pennsylvania,39.930123,-75.185802,0,4
11/5/17,11,2017,112017,216 4th St,Sutherland Springs,Texas,29.27325,-98.056366,27,20
11/4/17,11,2017,112017,N Lamar Blvd and Masterson Pass,Austin,Texas,30.37121,-97.692419,0,4
11/4/17,11,2017,112017,2810 Market St,Youngstown,Ohio,41.071059,-80.658226,0,4
11/4/17,11,2017,112017,1515 Ocean Avenue,Santa Monica,California,34.012518,-118.495474,1,3
11/3/17,11,2017,112017,10th Ave S and E 24th St,Minneapolis,Minnesota,44.959126,-93.260028,0,4
11/3/17,11,2017,112017,E 163rd St and S Main St,Gardena,California,33.883869,-118.275862,0,4
11/3/17,11,2017,112017,147 Roosevelt Ave,Buffalo,New York,42.93367,-78.807985,0,4
11/3/17,11,2017,112017,27600 block of Mirmar Street,Lacombe,Louisiana,30.309316,-89.942919,1,4
10/29/17,10,2017,102017,5500 block of Ave F,Austin,Texas,30.319956,-97.719687,1,3
10/28/17,10,2017,102017,1327 N Huron St,Toledo,Ohio,41.661829,-83.522034,0,4
10/28/17,10,2017,102017,N Sycamore St and Franklin,Petersburg,Virginia,37.228538,-77.403578,1,3
10/27/17,10,2017,102017,1716 Prentice St,Louisville,Kentucky,38.240685,-85.784215,0,6
10/27/17,10,2017,102017,1100 block of Fillmore,San Francisco,California,37.779892,-122.431725,0,4
10/23/17,10,2017,102017,13000 block of Anchor Village,Clearlake Oaks,California,39.024205,-122.661086,2,2
10/22/17,10,2017,102017,Wethersfield Avenue and Elliott Street,Hartford,Connecticut,41.746424,-72.673327,0,4
10/22/17,10,2017,102017,1606 19th St Sw,Lanett,Alabama,32.848614,-85.205924,2,7
10/21/17,10,2017,102017,164 E Eubanks St,Jacksonville,Florida,30.484712,-81.622335,0,4
10/21/17,10,2017,102017,1277 12th Ave S,Nashville,Tennessee,36.141427,-86.78853,0,4
10/21/17,10,2017,102017,1200 block of W Carlas Ln,Chester,Pennsylvania,39.847091,-75.382607,0,4
10/21/17,10,2017,102017,400 Block of E Nordica St,Tampa,Florida,27.978172,-82.456608,0,4
10/18/17,10,2017,102017,2111 Emmorton Park Rd,Edgewood,Maryland,39.452038,-76.309904,3,3
10/17/17,10,2017,102017,181 Martense St,Brooklyn,New York,40.651739,-73.95297,0,4
10/16/17,10,2017,102017,5th Street,Meridian,Mississippi,32.360592,-88.716761,1,3
10/15/17,10,2017,102017,6233 Gulfton St,Houston,Texas,29.715976,-95.491504,2,2
10/15/17,10,2017,102017,107th Ave and Camelback Rd,Phoenix,Arizona,33.508176,-112.290013,1,3
10/12/17,10,2017,102017,6 Asbury Ct,Aliso Viejo,California,33.567506,-117.735757,2,2
10/11/17,10,2017,102017,15497 SR 93,Pedro,Ohio,38.70825,-82.642272,4,0
10/10/17,10,2017,102017,25th St and Treat Ave,San Francisco,California,37.750977,-122.412863,0,4
10/9/17,10,2017,102017,3352 Old Spanish Trail,Houston,Texas,29.701191,-95.372159,0,5
10/7/17,10,2017,102017,87th Ave and Thomas Rd,Phoenix,Arizona,33.479751,-112.246478,0,4
10/6/17,10,2017,102017,8000 block of S Marshfield,Chicago,Illinois,41.748351,-87.664949,0,5
10/5/17,10,2017,102017,400 block of W 13th Street,Casa Grande,Arizona,32.885415,-111.757302,4,0
10/3/17,10,2017,102017,2051 NW 65th St,Miami,Florida,25.83388,-80.231015,0,4
10/1/17,10,2017,102017,1000 block of Massachusetts St,Lawrence,Kansas,38.965463,-95.235711,3,2
10/1/17,10,2017,102017,3950 Las Vegas Blvd S,Las Vegas,Nevada,36.090861,-115.175027,59,441
9/30/17,9,2017,92017,800 block of Kerr Avenue,Memphis,Tennessee,35.107163,-90.035891,1,3
9/28/17,9,2017,92017,2001 N Rocheblave St,New Orleans,Louisiana,29.98149,-90.064787,1,3
9/26/17,9,2017,92017,2531 Chelsea Ave,Memphis,Tennessee,35.1742,-89.972761,0,4
9/26/17,9,2017,92017,3200 block of Lyndale Ave,Baltimore,Maryland,39.31661,-76.578385,2,2
9/26/17,9,2017,92017,100 block of Pastorius St,Philadelphia,Pennsylvania,40.043327,-75.177497,1,3
9/24/17,9,2017,92017,500 block of E. Patapsco Avenue,Baltimore,Maryland,39.236948,-76.603599,0,4
9/24/17,9,2017,92017,6000 block of Hoover Dr,Mays Landing,New Jersey,39.451165,-74.766273,1,3
9/24/17,9,2017,92017,3890 Pin Hook Rd,Antioch,Tennessee,36.046807,-86.58308,1,8
9/24/17,9,2017,92017,1226 E Fayette St,Syracuse,New York,43.048131,-76.130432,0,4
9/23/17,9,2017,92017,818 Real Rd,Bakersfield,California,35.365794,-119.043243,1,4
9/23/17,9,2017,92017,Seminary St and Jackson St,Danville,Illinois,40.130333,-87.627313,0,5
9/23/17,9,2017,92017,1164 Albany Ave,Hartford,Connecticut,41.782195,-72.695808,2,2
9/20/17,9,2017,92017,4300 block of 23rd Ct,Gary,Indiana,41.57554,-87.390345,0,5
9/17/17,9,2017,92017,5000 block of Stanton Street,Detroit,Michigan,42.349768,-83.090519,1,3
9/17/17,9,2017,92017,300 Mistletoe St,Petersburg,Virginia,37.216815,-77.404804,1,4
9/16/17,9,2017,92017,920 Lady Street,Columbia,South Carolina,34.001302,-81.037687,0,8
9/13/17,9,2017,92017,14626 S Jackson Rd,Rockford,Washington,47.51956,-117.196933,1,3
9/13/17,9,2017,92017,400 block of S Duke St,York,Pennsylvania,39.957422,-76.723059,0,4
9/13/17,9,2017,92017,3100 block of N 2nd St,Philadelphia,Pennsylvania,39.997324,-75.133217,0,4
9/13/17,9,2017,92017,1000 block of Morehead St,Memphis,Tennessee,35.168047,-90.025121,1,5
9/10/17,9,2017,92017,2101 N Claiborne Ave,New Orleans,Louisiana,29.973991,-90.058357,1,3
9/10/17,9,2017,92017,1712 West Spring Creek Parkway,Plano,Texas,33.056511,-96.727595,9,1
9/9/17,9,2017,92017,Kings Bend Road,Selma,Alabama,32.394473,-87.028715,0,4
9/6/17,9,2017,92017,2700 block of Madison,Chicago,Illinois,41.88137,-87.694119,0,4
9/4/17,9,2017,92017,1000 block of Bellwood Ave,Bellwood,Illinois,41.874205,-87.878063,0,4
9/3/17,9,2017,92017,10100 block of S Firmona Ave,Inglewood,California,33.944386,-118.356985,2,3
9/2/17,9,2017,92017,8008 Watterson Trail,Louisville,Kentucky,38.180619,-85.621938,0,4
9/2/17,9,2017,92017,8300 block of S Hermitage,Chicago,Illinois,41.742758,-87.667169,1,3
8/28/17,8,2017,82017,701 N Main St,Clovis,New Mexico,34.405206,-103.204551,2,4
8/27/17,8,2017,82017,7760 24th St,Sacramento,California,38.47505,-121.481512,1,4
8/27/17,8,2017,82017,1127 Chestnut St,Evansville,Indiana,37.973151,-87.560172,1,3
8/25/17,8,2017,82017,1600 NE 8th Ave,Gainesville,Florida,29.659208,-82.304667,0,4
8/24/17,8,2017,82017,10400 block of Balmoral Dr,Saint Louis,Missouri,38.754081,-90.201073,4,0
8/22/17,8,2017,82017,300 block of N Central Ave,Chicago,Illinois,41.885933,-87.765465,0,4
8/21/17,8,2017,82017,Fabyan Place,Newark,New Jersey,40.715427,-74.222108,0,4
8/21/17,8,2017,82017,700 block of S 19th St,Newark,New Jersey,40.732469,-74.212437,1,3
8/21/17,8,2017,82017,Cottage Avenue and Park Heights Avenue,Baltimore,Maryland,39.327333,-76.657522,1,3
8/21/17,8,2017,82017,980 Fishing Creek Rd,Whitakers,North Carolina,36.169335,-77.828844,4,0
8/21/17,8,2017,82017,262 Decatur St,Memphis,Tennessee,35.147179,-90.025927,0,4
8/20/17,8,2017,82017,11901 S Loomis St,Chicago,Illinois,41.676844,-87.656002,2,5
8/20/17,8,2017,82017,100th St and Ave M,Brooklyn,New York,40.638615,-73.891024,0,4
8/19/17,8,2017,82017,11143 Superior Ave,Cleveland,Ohio,41.522645,-81.607592,1,4
8/16/17,8,2017,82017,Merritt Ave and 15th St,Wyandanch,New York,40.754364,-73.36126,0,4
8/14/17,8,2017,82017,Morrison St and Klump Ave,North Hollywood,California,34.160824,-118.375761,2,2
8/13/17,8,2017,82017,4000 Block of Martin Luther King Jr Blvd,Sacramento,California,38.538365,-121.464752,0,4
8/13/17,8,2017,82017,8700 block of Quay Rd,Suffolk,Virginia,36.652412,-76.839427,0,4
8/13/17,8,2017,82017,39th St and Melon St,Philadelphia,Pennsylvania,39.964894,-75.19996,0,5
8/12/17,8,2017,82017,12310 Bellefontaine Rd,Saint Louis,Missouri,38.796578,-90.212354,1,3
8/8/17,8,2017,82017,1 block of East 37th Street,Chicago,Illinois,41.827362,-87.626407,1,6
8/6/17,8,2017,82017,Wickham Ave,Bronx,New York,40.894211,-73.848923,0,6
8/6/17,8,2017,82017,Unionport Rd,Bronx,New York,40.841271,-73.863349,0,4
8/6/17,8,2017,82017,1000 block of 106th Avenue,Oakland,California,37.735753,-122.171978,0,7
8/5/17,8,2017,82017,900 block of Brook Road,Lakewood,New Jersey,40.102099,-74.189217,0,4
8/5/17,8,2017,82017,300 block of Ellis St,Allendale,South Carolina,33.002193,-81.296003,1,3
8/5/17,8,2017,82017,1939 W Tennessee St,Tallahassee,Florida,30.448443,-84.316175,1,3
8/4/17,8,2017,82017,200 block of North Helen Street,Lodge Grass,Montana,45.311567,-107.364735,3,2
8/3/17,8,2017,82017,3426 18th St NE,Washington,District of Columbia,38.932693,-76.979871,1,3
8/2/17,8,2017,82017,900 block of N Broadway,Baltimore,Maryland,39.300599,-76.594537,0,4
8/1/17,8,2017,82017,8000 Block of Lateral C Rd,Toppenish,Washington,46.36072,-120.523068,0,6
8/1/17,8,2017,82017,Mariposa St and A St,Fresno,California,36.72782,-119.801131,0,7
8/1/17,8,2017,82017,800 block of N Monticello Ave,Chicago,Illinois,41.895442,-87.717523,0,4
7/31/17,7,2017,72017,Jasper St and Main St,Decatur,Illinois,39.84177,-88.940416,0,4
7/30/17,7,2017,72017,1500 block of Azalea Garden Rd,Norfolk,Virginia,36.866898,-76.234771,1,5
7/30/17,7,2017,72017,1810 George Dieter Dr,El Paso,Texas,31.765467,-106.301128,1,3
7/29/17,7,2017,72017,200 block of Carl St,Buffalo,New York,42.920097,-78.828214,1,4
7/29/17,7,2017,72017,115 W Fisher St,Salisbury,North Carolina,35.666811,-80.471684,2,3
7/28/17,7,2017,72017,400 block of N Washington St,Wilmington,Delaware,39.742038,-75.555268,0,4
7/27/17,7,2017,72017,2000 block of E 71st St,Chicago,Illinois,41.766444,-87.575869,1,4
7/26/17,7,2017,72017,2111 E. Green Drive,High Point,North Carolina,35.953252,-79.980836,1,6
7/25/17,7,2017,72017,1040 Golfair Boulevard,Jacksonville,Florida,30.364409,-81.670318,1,3
7/23/17,7,2017,72017,1500 block of East 82nd St,Chicago,Illinois,41.745977,-87.588174,1,3
7/23/17,7,2017,72017,10360 Ave H,Baton Rouge,Louisiana,30.538482,-91.196956,0,4
7/22/17,7,2017,72017,130 E Clifton Ave,Cincinnati,Ohio,39.115949,-84.514211,0,5
7/19/17,7,2017,72017,2300 block of Bethel St,Richmond,Virginia,37.555118,-77.418571,0,5
7/19/17,7,2017,72017,Imperial Hwy and Broadway,Los Angeles,California,33.931006,-118.278446,1,3
7/18/17,7,2017,72017,Hewitt St and Division St,Trenton,New Jersey,40.208135,-74.743731,1,3
7/18/17,7,2017,72017,3000 Block of N 39th St,Milwaukee,Wisconsin,43.073384,-87.962094,0,4
7/18/17,7,2017,72017,NW Grand Ave and W Thunderbird Rd,El Mirage,Arizona,33.608908,-112.312345,0,4
7/15/17,7,2017,72017,21st and Fitzwater,Philadelphia,Pennsylvania,39.943239,-75.177376,1,3
7/15/17,7,2017,72017,12200 block of S Throop St,Chicago,Illinois,41.67201,-87.6539,0,4
7/9/17,7,2017,72017,500 block Sturgeon Rd,Lawrenceville,Virginia,36.811938,-77.7709,0,7
7/8/17,7,2017,72017,700 block of Oakwood,Alton,Illinois,38.917024,-90.173298,0,4
7/8/17,7,2017,72017,9917 Capstan Dr,Cincinnati,Ohio,39.254029,-84.596602,1,8
7/6/17,7,2017,72017,Eighth Ave,Meridian,Mississippi,32.381721,-88.686533,0,4
7/5/17,7,2017,72017,Jefferson Street and West St. Julian Street,Savannah,Georgia,32.080825,-81.094959,0,4
7/5/17,7,2017,72017,11000 block of S Eberhart,Chicago (Roseland),Illinois,41.694508,-87.611252,2,2
7/5/17,7,2017,72017,300 block of Russell Rd,Madison,Maine,44.790589,-69.787329,4,1
7/4/17,7,2017,72017,501 W Lancaster Rd,Orlando (Pine Castle),Florida,28.465613,-81.382829,0,4
7/4/17,7,2017,72017,500 block of Patterson Ave,Hampton,Virginia,37.032539,-76.360631,1,4
7/4/17,7,2017,72017,105 E South St,Raleigh,North Carolina,35.772408,-78.637968,1,3
7/3/17,7,2017,72017,112 US 82,Prattville,Alabama,32.438117,-86.47255,3,1
7/3/17,7,2017,72017,50 block of Thorpe St,Pontiac,Michigan,42.637167,-83.311561,1,3
7/2/17,7,2017,72017,Wilkinson Avenue,Jersey City,New Jersey,40.706328,-74.080444,0,4
7/2/17,7,2017,72017,SC 72 Bypass,Greenwood,South Carolina,34.208758,-82.146363,0,4
7/1/17,7,2017,72017,2727 S 13000 Rd E,Momence,Illinois,41.085241,-87.619803,0,4
7/1/17,7,2017,72017,Lincoln Park and Pennsylvania Avenue,Newark,New Jersey,40.725889,-74.179637,2,2
7/1/17,7,2017,72017,3200 Humboldt Ave,Oakland,California,37.792066,-122.206742,0,4
7/1/17,7,2017,72017,220 W 6th St,Little Rock,Arkansas,34.743369,-92.272759,0,25
6/30/17,6,2017,62017,1650 Grand Concourse,Bronx,New York,40.843468,-73.91108,2,6
6/27/17,6,2017,62017,200 block of S Lotus,Chicago,Illinois,41.878093,-87.761912,0,5
6/25/17,6,2017,62017,5900 block of Southern Ave SE,Washington,District of Columbia,38.88862,-76.914925,0,4
6/25/17,6,2017,62017,5000 block of Thekla Ave,Saint Louis,Missouri,38.688556,-90.241983,1,3
6/24/17,6,2017,62017,2335 NW 16th Ct,Fort Lauderdale,Florida,26.146896,-80.173317,1,4
6/24/17,6,2017,62017,114th St and Manhattan Ave,New York (Manhattan),New York,40.803738,-73.957781,0,5
6/24/17,6,2017,62017,Pastoral Lane,Willingboro,New Jersey,40.032951,-74.897257,0,4
6/22/17,6,2017,62017,1100 block of Osborne Street,Atlanta,Georgia,33.70416,-84.423924,1,6
6/18/17,6,2017,62017,1900 block of N 14th St,Saint Louis,Missouri,38.644371,-90.193861,3,2
6/18/17,6,2017,62017,3100 block of Buena Vista Terrace SE,Washington,District of Columbia,38.852372,-76.965679,0,4
6/18/17,6,2017,62017,3300 block of W Crystal St,Chicago,Illinois,41.903988,-87.709434,0,4
6/18/17,6,2017,62017,311 N Ocean Blvd,Myrtle Beach,South Carolina,33.686665,-78.885404,0,7
6/17/17,6,2017,62017,6252 Busch Blvd,Columbus,Ohio,40.093665,-82.992195,1,4
6/17/17,6,2017,62017,1 block of North Latrobe,Chicago,Illinois,41.880376,-87.756284,0,4
6/15/17,6,2017,62017,4053 Old Brook Road,Richmond,Virginia,37.590905,-77.445915,1,3
6/15/17,6,2017,62017,491 NM 111,La Madera,New Mexico,36.38401,-106.04116,5,0
6/14/17,6,2017,62017,14th St. NE and Gibbs Ave. NE,Canton,Ohio,40.811266,-81.362705,0,4
6/14/17,6,2017,62017,420 E Monroe Ave,Alexandria,Virginia,38.821526,-77.054378,1,5
6/14/17,6,2017,62017,720 San Bruno,San Francisco,California,37.759625,-122.404998,4,2
6/13/17,6,2017,62017,3300 block of Ayrdale Avenue,Baltimore,Maryland,39.326271,-76.681589,0,4
6/13/17,6,2017,62017,1200 block of Bonaparte Avenue,Baltimore,Maryland,39.315512,-76.599813,2,2
6/13/17,6,2017,62017,Ferguson Ave and Plymouth Ave,Saint Louis (University City),Missouri,38.669174,-90.309979,0,4
6/11/17,6,2017,62017,3300 block of W Douglas Blvd,Chicago,Illinois,41.863228,-87.708217,0,9
6/11/17,6,2017,62017,4272 Bonny Oaks Drive,Chattanooga,Tennessee,35.080428,-85.21389,0,4
6/11/17,6,2017,62017,505 Cypress Station Dr,Houston,Texas,30.030134,-95.437286,0,4
6/10/17,6,2017,62017,571 East Street,Memphis,Tennessee,35.131365,-90.031505,0,4
6/9/17,6,2017,62017,East Davis Avenue and New York Avenue,Fort Worth,Texas,32.720873,-97.315689,2,5
6/8/17,6,2017,62017,3650 Franklin Ave,New Orleans,Louisiana,29.996558,-90.050066,0,6
6/6/17,6,2017,62017,2232 Alta Canyon Drive,Sandy,Utah,40.594021,-111.826723,3,2
6/5/17,6,2017,62017,2427 Forsyth Rd,Orlando,Florida,28.5798,-81.293646,6,0
6/3/17,6,2017,62017,1600 Block of Union Blvd,Saint Louis,Missouri,38.666531,-90.267171,2,2
6/3/17,6,2017,62017,3717 Tulane Ave,New Orleans,Louisiana,29.967262,-90.101677,3,2
6/2/17,6,2017,62017,5301 McPherson Rd,Laredo,Texas,27.545075,-99.482094,2,3
6/2/17,6,2017,62017,89th St and Broadway,Los Angeles,California,33.955524,-118.278222,1,3
6/1/17,6,2017,62017,Beacon Ave and Lillian Ave,Saint Louis,Missouri,38.694293,-90.252241,3,1
5/30/17,5,2017,52017,1200 Elliott Dr,Middletown,Ohio,39.501098,-84.352453,1,3
5/29/17,5,2017,52017,231 Witherspoon St,Louisville,Kentucky,38.257632,-85.75038,1,3
5/28/17,5,2017,52017,100 block of 6th Street South,Phenix City,Alabama,32.435938,-84.995182,0,12
5/28/17,5,2017,52017,86 Main Street,Paterson,New Jersey,40.919718,-74.173057,1,5
5/28/17,5,2017,52017,6103 Hwy. 63,Moss Point,Mississippi,30.431394,-88.525749,0,5
5/27/17,5,2017,52017,318 W 14th St,New York (Manhattan),New York,40.73998,-74.00364,0,4
5/27/17,5,2017,52017,100 block of Q Street Northwest,Washington,District of Columbia,38.91112,-77.006505,1,7
5/27/17,5,2017,52017,2871 Lee Drive,Bogue Chitto,Mississippi,31.412361,-90.460514,8,1
5/26/17,5,2017,52017,2730 NW 167th St,Miami,Florida,25.926002,-80.245799,0,4
5/21/17,5,2017,52017,4300 Beaver Dr,Des Moines,Iowa,41.63886,-93.678883,1,3
5/21/17,5,2017,52017,441 N Val Vista Dr,Mesa,Arizona,33.423802,-111.752181,0,4
5/20/17,5,2017,52017,2100 block of W Huntingdon St,Philadelphia,Pennsylvania,39.993387,-75.162852,0,10
5/16/17,5,2017,52017,21785 Lowcountry Hwy,Ruffin,South Carolina,33.004838,-80.815178,3,1
5/14/17,5,2017,52017,311 S Main St,Jonesboro,Arkansas,35.839824,-90.70526,1,6
5/14/17,5,2017,52017,14112 Chicago Road,Dolton,Illinois,41.638451,-87.607877,0,5
5/14/17,5,2017,52017,Hal McRae Blvd and Delaney Ave,Avon Park,Florida,27.584669,-81.498135,0,5
5/14/17,5,2017,52017,8600 block of Calmont Ave,Fort Worth,Texas,32.73571,-97.466778,0,4
5/10/17,5,2017,52017,300 block of Centre St,Trenton,New Jersey,40.209726,-74.759486,1,3
5/9/17,5,2017,52017,1900 block of S. Boeke,Kansas City,Kansas,39.065918,-94.632859,3,1
5/7/17,5,2017,52017,2600 block of 46th Pl,Chicago,Illinois,41.810217,-87.635553,2,8
5/4/17,5,2017,52017,600 block of Copeman Boulevard,Flint,Michigan,43.028638,-83.711295,1,3
5/2/17,5,2017,52017,1566 West 24th Street,Jacksonville,Florida,30.35852,-81.681958,1,3
5/1/17,5,2017,52017,3200 block of Reynolds Ave,Dallas,Texas,32.786409,-96.740715,2,3
4/30/17,4,2017,42017,9080 Judicial Dr,San Diego,California,32.871593,-117.202922,2,6
4/30/17,4,2017,42017,4104 SW 28th,Topeka,Kansas,39.016977,-95.728087,4,1
4/30/17,4,2017,42017,1200 Ken Knight Dr N,Jacksonville,Florida,30.391424,-81.716929,0,5
4/30/17,4,2017,42017,268 N Sea Green Rd,Loris,South Carolina,34.101593,-78.978081,1,5
4/29/17,4,2017,42017,12800 block of Kitchen House Way,Germantown,Maryland,39.150603,-77.265753,1,3
4/29/17,4,2017,42017,Murchison St and Lancaster Ave,Los Angeles (Boyle Heights),California,34.057872,-118.196781,1,3
4/29/17,4,2017,42017,3800 block of 26th Avenue,Sacramento,California,38.528807,-121.465681,0,5
4/29/17,4,2017,42017,10000 block of Carmentia Rd,Whittier,California,33.944182,-118.04643,1,5
4/29/17,4,2017,42017,2000 Block of N Nestor Ave,Compton,California,33.910317,-118.249689,0,4
4/29/17,4,2017,42017,200 block of 18th St,Virginia Beach,Virginia,36.846336,-75.974535,0,4
4/28/17,4,2017,42017,5 E 21st St,Chester,Pennsylvania,39.863592,-75.366483,0,4
4/27/17,4,2017,42017,1100 block of S Orange Ave,Newark,New Jersey,40.745449,-74.234416,1,3
4/26/17,4,2017,42017,SW 264th St and 139th Ave,Miami,Florida,25.521759,-80.416696,0,4
4/21/17,4,2017,42017,2500 block of Vernon Dr,Palm Bay,Florida,28.05828,-80.594737,2,2
4/20/17,4,2017,42017,700 block of East Jacob Street,Louisville,Kentucky,38.242982,-85.741859,0,4
4/16/17,4,2017,42017,110 Calhoun Street,Vallejo,California,38.120627,-122.266629,0,4
4/16/17,4,2017,42017,611 S Martin St,Elizabeth City,North Carolina,36.294225,-76.221704,0,4
4/16/17,4,2017,42017,1710 Cleveland Av,Columbus,Ohio,40.000932,-82.975192,0,9
4/15/17,4,2017,42017,311 W  2nd St,Rock Falls,Illinois,41.780589,-89.694272,0,4
4/15/17,4,2017,42017,300 block of S Meridian St,Indianapolis,Indiana,39.762591,-86.160074,0,4
4/15/17,4,2017,42017,1480 Center Point Pkwy,Birmingham,Alabama,33.623787,-86.686249,0,6
4/15/17,4,2017,42017,5900 block of Hammond Street,Philadelphia,Pennsylvania,40.039441,-75.116846,0,4
4/15/17,4,2017,42017,14600 block of Myrtle Avenue,Harvey,Illinois,41.62428,-87.65236,0,4
4/15/17,4,2017,42017,900 block of N Allen St,Banning,California,33.933517,-116.862029,0,4
4/13/17,4,2017,42017,30 Anderson Ave SW,Atlanta,Georgia,33.753832,-84.446024,1,3
4/9/17,4,2017,42017,3100 block of Fidelia Drive,San Antonio,Texas,29.309234,-98.560427,1,3
4/9/17,4,2017,42017,9439 Lima Rd,Fort Wayne,Indiana,41.169446,-85.166952,1,3
4/7/17,4,2017,42017,1423 29th Ave Dr NE,Hickory,North Carolina,35.766901,-81.305788,3,1
4/7/17,4,2017,42017,3829 Mount Pleasant St,Houston,Texas,29.685673,-95.3662,5,0
4/7/17,4,2017,42017,1600 block of English St,Saint Paul,Minnesota,44.991864,-93.04594,4,1
4/7/17,4,2017,42017,5600 block of W Lake St,Chicago,Illinois,41.88774,-87.765793,1,5
4/6/17,4,2017,42017,2000 block of Tulip St,Lake Charles,Louisiana,30.2112,-93.193029,1,3
4/3/17,4,2017,42017,1100 block of W Stiles St,Philadelphia,Pennsylvania,39.971701,-75.15396,3,1
4/3/17,4,2017,42017,5401 Ave Q,Lubbock,Texas,33.54466,-101.85095,0,7
4/2/17,4,2017,42017,3500 block of West Van Buren Street,Chicago,Illinois,41.875681,-87.71305,2,4
4/2/17,4,2017,42017,2500 Martin Luther King Jr. Parkway,Des Moines,Iowa,41.616916,-93.647453,0,5
4/1/17,4,2017,42017,100 block of Madoline Street,Pittsburg,California,38.005353,-121.894685,0,5
4/1/17,4,2017,42017,219 S Howard Ave,Tampa,Florida,27.942029,-82.483239,1,4
4/1/17,4,2017,42017,1200 block of N Woodward Avenue,Oklahoma City,Oklahoma,35.480488,-97.575608,2,3
3/30/17,3,2017,32017,2704 E 75th St,Chicago,Illinois,41.76021,-87.558459,4,0
3/27/17,3,2017,32017,209 Hays Dr,Sanford,Florida,28.789326,-81.28167,2,4
3/26/17,3,2017,32017,5619 Aldine Bender Rd,Houston,Texas,29.932087,-95.305694,2,4
3/26/17,3,2017,32017,4601 Kellogg Ave,Cincinnati,Ohio,39.092915,-84.428367,2,15
3/26/17,3,2017,32017,E 75th St,Cleveland,Ohio,41.50685,-81.636384,2,2
3/25/17,3,2017,32017,8443 Grand River Ave,Detroit,Michigan,42.361132,-83.120979,1,3
3/25/17,3,2017,32017,Minnesota Avenue,Knoxville,Tennessee,35.984637,-83.957805,1,4
3/25/17,3,2017,32017,E 79th St and Woodland Ave,Cleveland,Ohio,41.488181,-81.633375,2,2
3/24/17,3,2017,32017,300 block of South Villa Avenue,Fresno,California,36.740763,-119.714192,1,4
3/24/17,3,2017,32017,5100 block of Palm St,Saint Louis,Missouri,38.676456,-90.254644,1,6
3/22/17,3,2017,32017,1133 E Grand Ave,Rothschild,Wisconsin,44.899729,-89.609533,5,0
3/19/17,3,2017,32017,1512 Portland Avenue,Louisville,Kentucky,38.261852,-85.774954,1,5
3/18/17,3,2017,32017,16000 block of Rutherford,Detroit,Michigan,42.408549,-83.204414,3,2
3/15/17,3,2017,32017,2508 Pasadena Ave,Metairie,Louisiana,29.997324,-90.176283,3,1
3/10/17,3,2017,32017,123 E 51st St,Chicago,Illinois,41.801766,-87.621474,2,2
3/10/17,3,2017,32017,4200 block of Touro St,New Orleans (Gentilly),Louisiana,30.000831,-90.061864,3,1
3/7/17,3,2017,32017,West 76th Street and South May streets,Chicago,Illinois,41.755971,-87.652669,0,4
3/5/17,3,2017,32017,600 block of 32nd Street,Columbus,Georgia,32.494072,-84.985107,0,4
3/4/17,3,2017,32017,23rd and Bellview,Topeka,Kansas,39.026109,-95.644968,1,4
3/4/17,3,2017,32017,2500 block of 33rd St,Sacramento,California,38.555427,-121.469783,0,4
3/3/17,3,2017,32017,7165 Germantown Ave,Philadelphia,Pennsylvania,40.060152,-75.19072,0,4
3/3/17,3,2017,32017,8300 block of Trey Ave,Riverside,California,33.940568,-117.462592,0,5
2/28/17,2,2017,22017,1700 of Casey Drive,Cincinnati,Ohio,39.177764,-84.546239,0,6
2/27/17,2,2017,22017,11810 Fountain Way,Newport News,Virginia,37.085587,-76.471672,0,4
2/26/17,2,2017,22017,1700 block of Grant St,Gary,Indiana,41.58589,-87.356312,1,4
2/25/17,2,2017,22017,1564 Niles Cortland Rd SE,Warren,Ohio,41.220877,-80.740575,2,3
2/25/17,2,2017,22017,3604 Moncrief Rd,Jacksonville,Florida,30.360314,-81.67654,1,4
2/22/17,2,2017,22017,191 Genesee St,Rochester,New York,43.146447,-77.636194,0,4
2/21/17,2,2017,22017,16700 Lorain Ave,Cleveland,Ohio,41.450927,-81.813942,0,4
2/21/17,2,2017,22017,Butts Road,Toomsuba,Mississippi,32.43378,-88.496796,4,0
2/20/17,2,2017,22017,1082 East 105th Street,Cleveland,Ohio,41.527551,-81.615771,0,5
2/19/17,2,2017,22017,Church Street and East Virginia Beach Blvd,Norfolk,Virginia,36.856425,-76.279114,1,3
2/18/17,2,2017,22017,1 block of N Conestoga,Philadelphia,Pennsylvania,39.960659,-75.229753,0,4
2/18/17,2,2017,22017,1000 block of Yukon St,South Bend,Indiana,41.691514,-86.263453,1,3
2/15/17,2,2017,22017,30 Soledad Street,Salinas,California,36.678808,-121.652685,0,4
2/15/17,2,2017,22017,3949 South Albany Avenue,Chicago,Illinois,41.821196,-87.701846,3,2
2/12/17,2,2017,22017,908 Truman Blvd,Caruthersville,Missouri,36.189868,-89.667596,1,6
2/12/17,2,2017,22017,253 South William Street,Newburgh,New York,41.496401,-74.018992,1,3
2/12/17,2,2017,22017,Church Ave and Obadiah St,Greenville,Florida,30.461716,-83.633028,0,5
2/11/17,2,2017,22017,Clifton Road and Midway Drive,Savannah,Tennessee,35.23527,-88.232803,0,4
2/11/17,2,2017,22017,100 block of North Mayfield,Chicago,Illinois,41.882394,-87.771871,1,3
2/10/17,2,2017,22017,2nd St and Dryades St,New Orleans,Louisiana,29.934858,-90.085396,1,5
2/9/17,2,2017,22017,3150 Robinson Road,Jackson,Mississippi,32.30678,-90.239188,4,0
2/8/17,2,2017,22017,16379 Euclid Ave,Cleveland,Ohio,41.546178,-81.566011,1,4
2/7/17,2,2017,22017,5500 block of Fairfield Road,Columbia,South Carolina,34.059263,-81.025735,0,4
2/7/17,2,2017,22017,25 Par Drive,Little Rock,Arkansas,34.672863,-92.42902,1,4
2/6/17,2,2017,22017,11th Street,Yazoo City,Mississippi,32.860581,-90.399996,4,0
1/31/17,1,2017,12017,1576 S White Station Rd,Memphis,Tennessee,35.088101,-89.890361,0,4
1/31/17,1,2017,12017,2900 block of Martin Luther King Jr Ave,Washington,District of Columbia,38.845902,-76.996428,0,4
1/30/17,1,2017,12017,5410 Lakeland Ave N,Minneapolis (Crystal),Minnesota,45.051331,-93.353864,0,4
1/29/17,1,2017,12017,6363 Hearne Ave,Shreveport,Louisiana,32.448932,-93.7799,1,4
1/27/17,1,2017,12017,Tenino Dr W,Bremerton,Washington,47.562518,-122.828361,4,0
1/27/17,1,2017,12017,221 Morgan St,Brownsville,Tennessee,35.596439,-89.231318,0,10
1/26/17,1,2017,12017,1510 Maryland Drive,Albany,Georgia,31.584726,-84.183096,2,3
1/25/17,1,2017,12017,500 block of E 75th St,Chicago,Illinois,41.758675,-87.612292,0,6
1/22/17,1,2017,12017,200 block of Oak Shore Dr,Manvel,Texas,29.514392,-95.374781,3,2
1/22/17,1,2017,12017,1800 block of W 63rd,Chicago (Englewood),Illinois,41.779591,-87.669346,0,4
1/22/17,1,2017,12017,2841 Greenbriar Pkwy SW,Atlanta,Georgia,33.687787,-84.493453,3,1
1/21/17,1,2017,12017,6510 Tara Blvd,Jonesboro,Georgia,33.576888,-84.372071,0,6
1/21/17,1,2017,12017,500 NE 2nd St,Boynton Beach,Florida,26.530794,-80.06166,0,5
1/21/17,1,2017,12017,500 block of Delta Road,Memphis,Tennessee,35.018063,-90.080834,2,2
1/20/17,1,2017,12017,Smart Road,Como,Mississippi,34.533434,-89.774161,1,4
1/20/17,1,2017,12017,4700 block of E Montecito Ave,Fresno,California,36.734078,-119.740962,0,4
1/16/17,1,2017,12017,8535 Martin Luther King Boulevard,Houston,Texas,29.659048,-95.336191,0,4
1/16/17,1,2017,12017,6011 NW 32nd Ave,Miami,Florida,25.829429,-80.248881,0,8
1/15/17,1,2017,12017,County Road Y,Capulin,Colorado,37.281697,-106.108631,3,1
1/15/17,1,2017,12017,6000 block of Church Road,Magnolia,Mississippi,31.128529,-90.534022,1,4
1/12/17,1,2017,12017,8607 E 61st Terrace,Kansas City,Missouri,39.012218,-94.485569,3,2
1/12/17,1,2017,12017,500 block of Sunrise St,Salinas,California,36.685208,-121.614173,2,2
1/11/17,1,2017,12017,Hawkins Street and Christie Street,Newark,New Jersey,40.727889,-74.138847,1,3
1/11/17,1,2017,12017,4200 block of S Talman,Chicago,Illinois,41.8173,-87.690796,1,3
1/7/17,1,2017,12017,2500 block of Churchill Ave,Flint,Michigan,43.03413,-83.658786,1,3
1/6/17,1,2017,12017,100 block of W Claremont St,Pasadena,California,34.166665,-118.152891,2,2
1/6/17,1,2017,12017,100 Terminal Dr,Fort Lauderdale,Florida,26.07169,-80.145253,5,6
1/4/17,1,2017,12017,14520 Village Drive,Fontana,California,34.043743,-117.486174,3,1
1/3/17,1,2017,12017,500 block of Hawthorne Drive,Allen,Texas,33.084276,-96.66645,0,4
1/1/17,1,2017,12017,114 North Greyer Street,Winstonville,Mississippi,33.914012,-90.751505,0,5
1/1/17,1,2017,12017,9220 Skillman Street,Dallas,Texas,32.902199,-96.714325,1,3
1/1/17,1,2017,12017,8000 block of NW 14th Ave,Miami,Florida,25.848283,-80.221656,0,7